{
  "marketing_stripe": {
    "text": "COMPRE COM SEGURANÇA | ALGODÃO EGÍPCIO | ENVIAMOS PARA TODO O BARSIL",
    "link": "",
    "background": "#000000",
    "color": "#ffffff"
  },
  "contacts_stripe": {
    "pages": [
      {}
    ],
    "phone_wpp": true,
    "socials": true
  },
  "categories_list": {
    "featured": [],
    "random": 6,
    "full_width": true
  },
  "centralized_logo": true,
  "desktop_megamenu": false,
  "search_input": true,
  "alphabetical_order_submenu": false,
  "full_width_submenu": true
}