{
  "meta_title": "Camiseta básica de algodão egípcio",
  "meta_description": "Camiseta básica de algodão egípcio",
  "sections": [
    {
      "type": "banner-slider",
      "autoplay": 10000,
      "full_width": true,
      "slides": [
        {
          "start": "",
          "end": "",
          "img": "/img/uploads/banner-semana-do-consumidor-elegante-branco-e-preto-1680-x-560-px-.png",
          "mobile_img": "/img/uploads/banner-semana-do-consumidor-elegante-branco-e-preto-1680-x-560-px-720-x-1000-px-.png"
        },
        {
          "start": "",
          "end": "",
          "img": "/img/uploads/banner-principal.jpg",
          "mobile_img": "/img/uploads/banner-site-mobile-principal.jpg"
        }
      ]
    },
    {
      "autoplay": 0,
      "page": 1,
      "title": "Sua nova paixão em camisetas! De adeus ao comum!",
      "shuffle": false,
      "headless": false,
      "type": "collection-shelf",
      "limit": 8,
      "collection_id": "64f71a622cd6b659593ea038:categories:TFU - Básica - C:/camiseta-gola-c",
      "sort": "sales"
    },
    {
      "type": "page-title",
      "title": "TWO FOR YOU ",
      "description": "Nossa coleção abraça a singularidade de cada indivíduo incentivando a expressão da sua identidade pessoal através da moda. Seja você mesmo, destaque-se na multidão e deixe a sua marca com a Two For You."
    },
    {
      "type": "info-bar",
      "enabled": true
    },
    {
      "type": "blog",
      "enabled": true
    },
    {
      "type": "collection-shelf",
      "shuffle": false,
      "limit": 12,
      "page": 1,
      "collection_id": "64f71a712cd6b659593ea048:categories:TFU - Básica - V:/camiseta-gola-v",
      "sort": "views"
    },
    {
      "type": "page-title",
      "title": "MODERNO, SOFISTICADO, DURÁVEL",
      "description": "Nossa linha de camisetas essenciais são confeccionadas em Algodão Egípcio certificado."
    },
    {
      "type": "banner-slider",
      "autoplay": 2000,
      "full_width": true,
      "slides": [
        {
          "start": "",
          "end": "",
          "img": "/img/uploads/cabide.jpg",
          "alt": "PARE DE DESPERCIÇAR DINHEIRO COM \"MARCAS DE GRANDE NOME\""
        }
      ]
    },
    {
      "type": "review-carousel",
      "autoplay": 0,
      "reviews": [
        {
          "nome": "Matheus Mota",
          "cidade": "Brasília ",
          "texto": "Qualidade impecável. Parabéns pela marca ",
          "img": "/img/uploads/whatsapp-image-2023-10-06-at-13.18.53.jpeg"
        },
        {
          "img": "/img/uploads/matheus.jpg",
          "nome": "Matheus Henrique",
          "cidade": "São Paulo",
          "texto": "Camiseta extremamente confortável, além de uma qualidade excelente."
        },
        {
          "img": "/img/uploads/reinaldo.jpg",
          "nome": "Reinaldo Marcos Soares",
          "cidade": "Salvador",
          "texto": "Excelente produto"
        },
        {
          "img": "/img/uploads/ubiracy.jpg",
          "nome": "Ubiracy Coelho",
          "cidade": "Mato Grosso",
          "texto": "Ótima camisa. Produto excelente. Melhor camisa que já comprei. Indico a todos."
        },
        {
          "img": "/img/uploads/barao.jpg",
          "nome": "Barão Koeningkam",
          "cidade": "Rio de Janeiro",
          "texto": "Muito atencioso o atendimento. Camisa de ótimo material, muito bom o caimento e como se ajusta no corpo. Comprarei de outras cores!"
        },
        {
          "img": "/img/uploads/juliana.jpg",
          "nome": "Juliana Segatto ",
          "cidade": "Brasília",
          "texto": "Camiseta de tecido maravilhoso, macio e praticamente não amarrota. Pra quem gosta de básico, é excelente."
        },
        {
          "img": "/img/uploads/rafa.jpg",
          "nome": "Rafael Ferrão",
          "cidade": "Brasília",
          "texto": "O produto é excelente! Confortável e de ótima qualidade!"
        },
        {
          "img": "/img/uploads/wako.jpg",
          "nome": "Thiago Wako",
          "cidade": "Brasília",
          "texto": "Excelente produto, camisa de ótimo tecido, bem leve e confortável. Usei por baixo de uma blusa social a tarde inteira e mesmo assim me senti confortável. 👍🏻"
        },
        {
          "nome": "Sylvio",
          "cidade": "Maceio",
          "texto": "Excelente camisa, tecido extremamente confortável, veste muito bem. Muito satisfeito com a compra.",
          "img": "/img/uploads/sylvio.jpg"
        },
        {
          "nome": "Thiago Trancoso",
          "cidade": "Bahia",
          "texto": "Camiseta top!! Lavou, secou e já pode usar. Realmente incrível",
          "img": "/img/uploads/trancoso.jpg"
        },
        {
          "nome": "Tiago Araujo Neves",
          "cidade": "São Paulo",
          "texto": "Camiseta perfeita! Confortável, minimalista e versátil, combina perfeitamente com estilo despojado ou casual. Peça essencial em qualquer guarda roupas. Recomendo",
          "img": "/img/uploads/tiago.jpg"
        },
        {
          "nome": "Fábio Saint",
          "cidade": "Belo Horizonte",
          "texto": "Camiseta de altíssima qualidade super confortável bonita ajusta perfeitamente no corpo , uma das Melhores camisetas para uso diário, recomendadíssimo nota 10.",
          "img": "/img/uploads/fabio.jpg"
        }
      ],
      "title": "Os clientes compram e falam!"
    }
  ]
}