{
  "sections": [
    {
      "type": "breadcrumbs",
      "enabled": true
    },
    {
      "type": "page-title",
      "title": "Sua nova camiseta preferida!"
    },
    {
      "type": "product-block",
      "enabled": true,
      "size_guide": {
        "image": "/img/uploads/whatsapp-image-2023-09-21-at-23.14.57-1-1-.jpeg",
        "title": ""
      }
    },
    {
      "type": "recommended-products",
      "title": "Quem comprou este produto, também comprou:",
      "show_loading": true
    },
    {
      "type": "product-description",
      "title": "Quem comprou este produto, também comprou:",
      "enabled": true
    },
    {
      "type": "product-specifications",
      "enabled": true
    },
    {
      "type": "product-specifications",
      "enabled": true
    },
    {
      "type": "related-products",
      "title": "Produtos relacionados"
    }
  ]
}